,ACDC,,FCA,
index,MOJOFM,A2A,MOJOFM,A2A
commit1--commit3,88.1,97.35449735449735,88.54,100.0
commit2--commit4,92.86,97.88359788359789,88.54,100.0
commit3--commit5,91.57,95.8656330749354,78.12,94.93392070484582
commit4--commit6,96.39,96.89922480620154,78.12,94.93392070484582
commit5--commit7,88.51,97.47474747474747,87.25,100.0
commit6--commit8,96.55,99.24242424242425,87.25,100.0
commit7--commit9,95.4,98.98989898989899,87.25,100.0
commit8--commit10,95.4,98.98989898989899,87.25,100.0
commit9--commit11,100.0,98.75311720698254,73.53,94.90445859872611
commit10--commit12,100.0,98.75311720698254,73.53,94.90445859872611
commit11--commit13,100.0,100.0,88.35,100.0
commit12--commit14,89.77,97.78325123152709,88.35,100.0
commit13--commit15,88.76,97.29064039408867,88.35,100.0
commit14--commit16,93.18,96.85230024213075,88.35,98.54469854469853
commit15--commit17,76.14,92.47572815533981,79.21,95.76107899807323
commit16--commit18,80.22,94.03341288782816,78.85,96.57794676806084
commit17--commit19,77.17,94.49760765550239,75.81,100.0
commit18--commit20,90.11,97.38095238095238,79.75,77.59433962264151
commit19--commit21,75.0,94.04761904761905,79.75,77.59433962264151
commit20--commit22,89.13,97.6303317535545,100.0,100.0
commit21--commit23,98.92,99.76303317535546,100.0,100.0
commit22--commit24,88.17,96.70588235294117,90.74,76.04938271604938
commit23--commit25,83.87,95.76470588235294,90.74,76.04938271604938
commit24--commit26,83.87,96.02803738317756,88.7,100.0
commit25--commit27,86.17,96.96261682242991,88.7,100.0
commit26--commit28,90.32,97.89719626168224,88.7,100.0
commit27--commit29,84.34,84.11910669975187,76.04,91.09730848861284
